nume_actiune,timestamp
adaugareProdus,2024-05-24 17:03:17.9387644
adaugareProdus,2024-05-24 17:05:21.1537035
adaugareProdus,2024-05-24 17:05:21.1766964
adaugareProdus,2024-05-24 17:05:21.1787058
adaugareProdus,2024-05-24 17:05:21.1806972
adaugareProdus,2024-05-24 17:05:21.1806972
adaugareProdus,2024-05-24 17:06:15.8781632
adaugareProdus,2024-05-24 17:06:15.89217
adaugareProdus,2024-05-24 17:06:15.8931646
adaugareProdus,2024-05-24 17:06:15.8931646
adaugareProdus,2024-05-24 17:06:15.8941703
adaugareProdus,2024-05-24 17:06:33.3409999
adaugareProdus,2024-05-24 17:06:33.3530037
adaugareProdus,2024-05-24 17:06:33.3540019
adaugareProdus,2024-05-24 17:06:33.3540019
adaugareProdus,2024-05-24 17:06:33.3550011
adaugareProdus,2024-05-24 17:09:16.9675908
adaugareProdus,2024-05-24 17:09:16.9885884
adaugareProdus,2024-05-24 17:09:16.9895908
adaugareProdus,2024-05-24 17:09:16.9905872
adaugareProdus,2024-05-24 17:09:16.9925893
stergereProdus,2024-05-24 17:09:16.9985929
sortareProduse,2024-05-24 17:09:17.0015938
afisareProduse,2024-05-24 17:09:17.0025948
numarareProduse,2024-05-24 17:09:17.003592
cautareProdusNume,2024-05-24 17:09:17.0046001
cautareProdusNume,2024-05-24 17:09:17.0046001
adaugareProdus,2024-05-24 17:10:13.5223239
adaugareProdus,2024-05-24 17:10:13.5363161
adaugareProdus,2024-05-24 17:10:13.5363161
adaugareProdus,2024-05-24 17:10:13.537318
adaugareProdus,2024-05-24 17:10:13.5383199
stergereProdus,2024-05-24 17:10:13.5433168
sortareProduse,2024-05-24 17:10:13.5443174
afisareProduse,2024-05-24 17:10:13.5453178
numarareProduse,2024-05-24 17:10:13.546318
cautareProdusNume,2024-05-24 17:10:13.546318
cautareProdusNume,2024-05-24 17:10:13.5473186
adaugareProdus,2024-05-24 17:11:37.0262077
adaugareProdus,2024-05-24 17:11:37.0372022
adaugareProdus,2024-05-24 17:11:37.038205
adaugareProdus,2024-05-24 17:11:37.0392088
adaugareProdus,2024-05-24 17:11:37.0392088
stergereProdus,2024-05-24 17:11:37.0442023
sortareProduse,2024-05-24 17:11:37.0462054
afisareProduse,2024-05-24 17:11:37.0462054
numarareProduse,2024-05-24 17:11:37.0472029
cautareProdusCategorie,2024-05-24 17:11:37.0482065
cautareProdusNume,2024-05-24 17:11:37.0482065
adaugareProdus,2024-05-24 18:40:03.5564089
adaugareProdus,2024-05-24 18:40:03.5764131
adaugareProdus,2024-05-24 18:40:03.5774192
adaugareProdus,2024-05-24 18:40:03.5784183
adaugareProdus,2024-05-24 18:40:03.5784183
stergereProdus,2024-05-24 18:40:03.586412
sortareProduse,2024-05-24 18:40:03.5874131
afisareProduse,2024-05-24 18:40:03.5884137
numarareProduse,2024-05-24 18:40:03.5894113
cautareProdusCategorie,2024-05-24 18:40:03.5904108
cautareProdusNume,2024-05-24 18:40:03.5914146
adaugareProdus,2024-05-24 18:42:15.0447688
adaugareProdus,2024-05-24 18:42:15.0587682
adaugareProdus,2024-05-24 18:42:15.0597759
adaugareProdus,2024-05-24 18:42:15.0607661
adaugareProdus,2024-05-24 18:42:15.0607661
stergereProdus,2024-05-24 18:42:15.0677683
sortareProduse,2024-05-24 18:42:15.0687682
afisareProduse,2024-05-24 18:42:15.0697694
numarareProduse,2024-05-24 18:42:15.0707688
cautareProdusCategorie,2024-05-24 18:42:15.0717683
cautareProdusNume,2024-05-24 18:42:15.0727673
adaugareProdus,2024-05-24 18:43:38.3368975
adaugareProdus,2024-05-24 18:43:38.3488999
adaugareProdus,2024-05-24 18:43:38.3488999
adaugareProdus,2024-05-24 18:43:38.3498942
adaugareProdus,2024-05-24 18:43:38.3498942
stergereProdus,2024-05-24 18:43:38.3558954
sortareProduse,2024-05-24 18:43:38.3578965
afisareProduse,2024-05-24 18:43:38.3588935
numarareProduse,2024-05-24 18:43:38.3588935
cautareProdusCategorie,2024-05-24 18:43:38.3598936
cautareProdusNume,2024-05-24 18:43:38.3608945
adaugareProdus,2024-05-24 18:44:13.030898
adaugareProdus,2024-05-24 18:44:13.0428963
adaugareProdus,2024-05-24 18:44:13.0438959
adaugareProdus,2024-05-24 18:44:13.0438959
adaugareProdus,2024-05-24 18:44:13.044904
stergereProdus,2024-05-24 18:44:13.051893
sortareProduse,2024-05-24 18:44:13.0528952
afisareProduse,2024-05-24 18:44:13.0538942
numarareProduse,2024-05-24 18:44:13.0548986
cautareProdusCategorie,2024-05-24 18:44:13.0558988
cautareProdusNume,2024-05-24 18:44:13.0568944
adaugareProdus,2024-05-24 18:44:53.3240987
adaugareProdus,2024-05-24 18:44:53.3360971
adaugareProdus,2024-05-24 18:44:53.3371016
adaugareProdus,2024-05-24 18:44:53.3371016
adaugareProdus,2024-05-24 18:44:53.3381038
stergereProdus,2024-05-24 18:44:53.3440989
sortareProduse,2024-05-24 18:44:53.3461
afisareProduse,2024-05-24 18:44:53.3470984
numarareProduse,2024-05-24 18:44:53.3470984
cautareProdusCategorie,2024-05-24 18:44:53.3481054
cautareProdusNume,2024-05-24 18:44:53.3491005
adaugareProdus,2024-05-24 18:47:03.7938358
adaugareProdus,2024-05-24 18:47:03.8048372
adaugareProdus,2024-05-24 18:47:03.8048372
adaugareProdus,2024-05-24 18:47:03.8058392
adaugareProdus,2024-05-24 18:47:03.8058392
stergereProdus,2024-05-24 18:47:03.8118358
sortareProduse,2024-05-24 18:47:03.8128376
afisareProduse,2024-05-24 18:47:03.8138395
numarareProduse,2024-05-24 18:47:03.8148393
cautareProdusCategorie,2024-05-24 18:47:03.8148393
cautareProdusNume,2024-05-24 18:47:03.8158408
adaugareProdus,2024-05-24 18:49:55.3970569
adaugareProdus,2024-05-24 18:49:55.4120582
adaugareProdus,2024-05-24 18:49:55.4120582
adaugareProdus,2024-05-24 18:49:55.4130545
adaugareProdus,2024-05-24 18:49:55.4140589
stergereProdus,2024-05-24 18:49:55.4210536
sortareProduse,2024-05-24 18:49:55.4220551
afisareProduse,2024-05-24 18:49:55.4230572
numarareProduse,2024-05-24 18:49:55.4230572
cautareProdusCategorie,2024-05-24 18:49:55.4240542
cautareProdusNume,2024-05-24 18:49:55.4250542
adaugareProdus,2024-05-24 18:50:07.1191077
adaugareProdus,2024-05-24 18:50:07.1321085
adaugareProdus,2024-05-24 18:50:07.1331097
adaugareProdus,2024-05-24 18:50:07.1331097
adaugareProdus,2024-05-24 18:50:07.1341067
stergereProdus,2024-05-24 18:50:07.140111
sortareProduse,2024-05-24 18:50:07.1411132
afisareProduse,2024-05-24 18:50:07.1421066
numarareProduse,2024-05-24 18:50:07.1431063
cautareProdusCategorie,2024-05-24 18:50:07.1441136
cautareProdusNume,2024-05-24 18:50:07.1441136
adaugareProdus,2024-05-24 18:53:13.181705
adaugareProdus,2024-05-24 18:53:13.1937098
adaugareProdus,2024-05-24 18:53:13.1937098
adaugareProdus,2024-05-24 18:53:13.1947084
adaugareProdus,2024-05-24 18:53:13.1947084
stergereProdus,2024-05-24 18:53:13.2007049
sortareProduse,2024-05-24 18:53:13.2027088
afisareProduse,2024-05-24 18:53:13.2027088
numarareProduse,2024-05-24 18:53:13.2037062
cautareProdusCategorie,2024-05-24 18:53:13.2037062
cautareProdusNume,2024-05-24 18:53:13.2047121
adaugareProdus,2024-05-24 18:53:33.8854831
adaugareProdus,2024-05-24 18:53:33.8994808
adaugareProdus,2024-05-24 18:53:33.8994808
adaugareProdus,2024-05-24 18:53:33.9004802
adaugareProdus,2024-05-24 18:53:33.90148
stergereProdus,2024-05-24 18:53:33.907478
sortareProduse,2024-05-24 18:53:33.9094827
afisareProduse,2024-05-24 18:53:33.9094827
numarareProduse,2024-05-24 18:53:33.9104819
cautareProdusCategorie,2024-05-24 18:53:33.9114836
cautareProdusNume,2024-05-24 18:53:33.9124791
adaugareProdus,2024-05-24 19:19:23.3628771
adaugareProdus,2024-05-24 19:19:23.3758803
adaugareProdus,2024-05-24 19:19:23.3758803
adaugareProdus,2024-05-24 19:19:23.3768782
adaugareProdus,2024-05-24 19:19:23.3768782
stergereProdus,2024-05-24 19:19:23.3828816
sortareProduse,2024-05-24 19:19:23.3848879
afisareProduse,2024-05-24 19:19:23.3858809
numarareProduse,2024-05-24 19:19:23.3868794
cautareProdusCategorie,2024-05-24 19:19:23.387879
cautareProdusNume,2024-05-24 19:19:23.387879
adaugareProdus,2024-05-24 19:23:08.0710897
adaugareProdus,2024-05-24 19:23:08.0820527
adaugareProdus,2024-05-24 19:23:08.0830499
adaugareProdus,2024-05-24 19:23:08.0850484
adaugareProdus,2024-05-24 19:23:08.0860489
stergereProdus,2024-05-24 19:23:08.095048
sortareProduse,2024-05-24 19:23:08.0960497
afisareProduse,2024-05-24 19:23:08.09706
numarareProduse,2024-05-24 19:23:08.0980494
cautareProdusCategorie,2024-05-24 19:23:08.0980494
cautareProdusNume,2024-05-24 19:23:08.0990484
adaugareProdus,2024-05-24 19:23:53.0209591
adaugareProdus,2024-05-24 19:23:53.0319608
adaugareProdus,2024-05-24 19:23:53.0319608
adaugareProdus,2024-05-24 19:23:53.0329588
adaugareProdus,2024-05-24 19:23:53.0329588
stergereProdus,2024-05-24 19:23:53.038961
sortareProduse,2024-05-24 19:23:53.040961
afisareProduse,2024-05-24 19:23:53.040961
numarareProduse,2024-05-24 19:23:53.0419677
cautareProdusCategorie,2024-05-24 19:23:53.042961
cautareProdusNume,2024-05-24 19:23:53.0439602
adaugareProdus,2024-05-24 19:25:34.083012
adaugareProdus,2024-05-24 19:25:34.0970208
adaugareProdus,2024-05-24 19:25:34.098013
adaugareProdus,2024-05-24 19:25:34.0990189
adaugareProdus,2024-05-24 19:25:34.1010135
stergereProdus,2024-05-24 19:25:34.1090193
sortareProduse,2024-05-24 19:25:34.111014
afisareProduse,2024-05-24 19:25:34.1120144
numarareProduse,2024-05-24 19:25:34.1120144
cautareProdusCategorie,2024-05-24 19:25:34.1130139
cautareProdusNume,2024-05-24 19:25:34.1140139
adaugareProdus,2024-05-24 19:26:06.884125
adaugareProdus,2024-05-24 19:26:06.9011251
adaugareProdus,2024-05-24 19:26:06.9021261
adaugareProdus,2024-05-24 19:26:06.9031227
adaugareProdus,2024-05-24 19:26:06.9051276
stergereProdus,2024-05-24 19:26:06.913122
sortareProduse,2024-05-24 19:26:06.9151304
afisareProduse,2024-05-24 19:26:06.9171239
numarareProduse,2024-05-24 19:26:06.9191256
cautareProdusCategorie,2024-05-24 19:26:06.9241294
cautareProdusNume,2024-05-24 19:26:06.9291221
adaugareProdus,2024-05-24 19:30:00.7968279
adaugareProdus,2024-05-24 19:30:00.8098278
adaugareProdus,2024-05-24 19:30:00.8108278
adaugareProdus,2024-05-24 19:30:00.8108278
adaugareProdus,2024-05-24 19:30:00.8118279
stergereProdus,2024-05-24 19:30:00.8178292
sortareProduse,2024-05-24 19:30:00.8188311
afisareProduse,2024-05-24 19:30:00.8198321
numarareProduse,2024-05-24 19:30:00.8208279
cautareProdusCategorie,2024-05-24 19:30:00.8208279
cautareProdusNume,2024-05-24 19:30:00.8218353
adaugareProdus,2024-05-24 19:30:58.5477498
adaugareProdus,2024-05-24 19:30:58.5617597
adaugareProdus,2024-05-24 19:30:58.5627542
adaugareProdus,2024-05-24 19:30:58.5627542
adaugareProdus,2024-05-24 19:30:58.5637523
stergereProdus,2024-05-24 19:30:58.5697553
sortareProduse,2024-05-24 19:30:58.5707528
afisareProduse,2024-05-24 19:30:58.5717544
numarareProduse,2024-05-24 19:30:58.5727522
cautareProdusCategorie,2024-05-24 19:30:58.5727522
cautareProdusNume,2024-05-24 19:30:58.5737514
adaugareProdus,2024-05-24 19:31:40.0787399
adaugareProdus,2024-05-24 19:31:40.0947433
adaugareProdus,2024-05-24 19:31:40.0957417
adaugareProdus,2024-05-24 19:31:40.0957417
adaugareProdus,2024-05-24 19:31:40.0977395
stergereProdus,2024-05-24 19:31:40.1057843
sortareProduse,2024-05-24 19:31:40.1067414
afisareProduse,2024-05-24 19:31:40.1077477
numarareProduse,2024-05-24 19:31:40.1087437
cautareProdusCategorie,2024-05-24 19:31:40.1097464
cautareProdusNume,2024-05-24 19:31:40.1097464
adaugareProdus,2024-05-24 19:33:31.6910139
adaugareProdus,2024-05-24 19:33:31.702011
adaugareProdus,2024-05-24 19:33:31.7030109
adaugareProdus,2024-05-24 19:33:31.7030109
adaugareProdus,2024-05-24 19:33:31.7040165
stergereProdus,2024-05-24 19:33:31.7090166
sortareProduse,2024-05-24 19:33:31.7100141
afisareProduse,2024-05-24 19:33:31.7110121
numarareProduse,2024-05-24 19:33:31.7120135
cautareProdusCategorie,2024-05-24 19:33:31.7130131
cautareProdusNume,2024-05-24 19:33:31.7130131
adaugareProdus,2024-05-24 19:34:00.9412518
adaugareProdus,2024-05-24 19:34:00.9542669
adaugareProdus,2024-05-24 19:34:00.9552509
adaugareProdus,2024-05-24 19:34:00.9552509
adaugareProdus,2024-05-24 19:34:00.9562514
stergereProdus,2024-05-24 19:34:00.962251
sortareProduse,2024-05-24 19:34:00.9632521
afisareProduse,2024-05-24 19:34:00.964256
numarareProduse,2024-05-24 19:34:00.9652503
cautareProdusCategorie,2024-05-24 19:34:00.9652503
cautareProdusNume,2024-05-24 19:34:00.9662494
adaugareProdus,2024-05-24 19:34:41.2804391
adaugareProdus,2024-05-24 19:34:41.303426
adaugareProdus,2024-05-24 19:34:41.304423
adaugareProdus,2024-05-24 19:34:41.304423
adaugareProdus,2024-05-24 19:34:41.3074248
stergereProdus,2024-05-24 19:34:41.3134283
sortareProduse,2024-05-24 19:34:41.3154247
afisareProduse,2024-05-24 19:34:41.3164236
numarareProduse,2024-05-24 19:34:41.3164236
cautareProdusCategorie,2024-05-24 19:34:41.3174303
cautareProdusNume,2024-05-24 19:34:41.3184304
adaugareProdus,2024-05-24 19:40:18.280155
adaugareProdus,2024-05-24 19:40:18.2931482
adaugareProdus,2024-05-24 19:40:18.2931482
adaugareProdus,2024-05-24 19:40:18.2941481
adaugareProdus,2024-05-24 19:40:18.2951488
stergereProdus,2024-05-24 19:40:18.3011474
sortareProduse,2024-05-24 19:40:18.3021509
afisareProduse,2024-05-24 19:40:18.3031519
numarareProduse,2024-05-24 19:40:18.3041564
cautareProdusCategorie,2024-05-24 19:40:18.3051599
cautareProdusNume,2024-05-24 19:40:18.3061504
adaugareProdus,2024-05-24 19:47:44.649141
adaugareProdus,2024-05-24 19:47:44.6611437
adaugareProdus,2024-05-24 19:47:44.6611437
adaugareProdus,2024-05-24 19:47:44.6621437
adaugareProdus,2024-05-24 19:47:44.6631447
stergereProdus,2024-05-24 19:47:44.670143
sortareProduse,2024-05-24 19:47:44.6721445
afisareProduse,2024-05-24 19:47:44.6731447
numarareProduse,2024-05-24 19:47:44.6741507
cautareProdusCategorie,2024-05-24 19:47:44.6741507
cautareProdusNume,2024-05-24 19:47:44.6751429
adaugareProdus,2024-05-24 19:53:09.0522706
adaugareProdus,2024-05-24 19:53:09.063277
adaugareProdus,2024-05-24 19:53:09.0642849
adaugareProdus,2024-05-24 19:53:09.0652727
adaugareProdus,2024-05-24 19:53:09.0652727
stergereProdus,2024-05-24 19:53:09.0702734
sortareProduse,2024-05-24 19:53:09.0722742
afisareProduse,2024-05-24 19:53:09.0732736
numarareProduse,2024-05-24 19:53:09.0732736
cautareProdusCategorie,2024-05-24 19:53:09.0742727
cautareProdusNume,2024-05-24 19:53:09.075277
adaugareProdus,2024-05-24 19:55:31.1735885
adaugareProdus,2024-05-24 19:55:31.1875899
adaugareProdus,2024-05-24 19:55:31.1885928
adaugareProdus,2024-05-24 19:55:31.189598
adaugareProdus,2024-05-24 19:55:31.1906039
stergereProdus,2024-05-24 19:55:31.1975968
sortareProduse,2024-05-24 19:55:31.1985908
afisareProduse,2024-05-24 19:55:31.199592
numarareProduse,2024-05-24 19:55:31.2005909
cautareProdusCategorie,2024-05-24 19:55:31.2005909
cautareProdusNume,2024-05-24 19:55:31.201589
adaugareProdus,2024-05-24 19:56:25.1269674
adaugareProdus,2024-05-24 19:56:25.1399661
adaugareProdus,2024-05-24 19:56:25.1409679
adaugareProdus,2024-05-24 19:56:25.1409679
adaugareProdus,2024-05-24 19:56:25.1419668
stergereProdus,2024-05-24 19:56:25.1479679
sortareProduse,2024-05-24 19:56:25.1489652
afisareProduse,2024-05-24 19:56:25.1499734
numarareProduse,2024-05-24 19:56:25.1509685
cautareProdusCategorie,2024-05-24 19:56:25.1509685
cautareProdusNume,2024-05-24 19:56:25.1519664
adaugareProdus,2024-05-24 19:56:55.1203621
adaugareProdus,2024-05-24 19:56:55.1333615
adaugareProdus,2024-05-24 19:56:55.134362
adaugareProdus,2024-05-24 19:56:55.1353581
adaugareProdus,2024-05-24 19:56:55.1353581
stergereProdus,2024-05-24 19:56:55.1423639
sortareProduse,2024-05-24 19:56:55.143363
afisareProduse,2024-05-24 19:56:55.1443687
numarareProduse,2024-05-24 19:56:55.145361
cautareProdusCategorie,2024-05-24 19:56:55.1463607
cautareProdusNume,2024-05-24 19:56:55.1473599
adaugareProdus,2024-05-24 19:58:51.6841754
adaugareProdus,2024-05-24 19:58:51.698169
adaugareProdus,2024-05-24 19:58:51.6991696
adaugareProdus,2024-05-24 19:58:51.6991696
adaugareProdus,2024-05-24 19:58:51.7001684
stergereProdus,2024-05-24 19:58:51.7061687
sortareProduse,2024-05-24 19:58:51.7071678
afisareProduse,2024-05-24 19:58:51.7081732
numarareProduse,2024-05-24 19:58:51.709169
cautareProdusCategorie,2024-05-24 19:58:51.7111991
cautareProdusNume,2024-05-24 19:58:51.7121684
adaugareProdus,2024-05-24 19:59:42.3048386
adaugareProdus,2024-05-24 19:59:42.3198384
adaugareProdus,2024-05-24 19:59:42.3208404
adaugareProdus,2024-05-24 19:59:42.3208404
adaugareProdus,2024-05-24 19:59:42.3218353
stergereProdus,2024-05-24 19:59:42.3298366
sortareProduse,2024-05-24 19:59:42.3308355
afisareProduse,2024-05-24 19:59:42.3318371
numarareProduse,2024-05-24 19:59:42.3328366
cautareProdusCategorie,2024-05-24 19:59:42.3338341
cautareProdusNume,2024-05-24 19:59:42.3338341
adaugareProdus,2024-05-24 20:01:31.201921
adaugareProdus,2024-05-24 20:01:31.213923
adaugareProdus,2024-05-24 20:01:31.2149326
adaugareProdus,2024-05-24 20:01:31.2149326
adaugareProdus,2024-05-24 20:01:31.2159256
stergereProdus,2024-05-24 20:01:31.2259231
sortareProduse,2024-05-24 20:01:31.2289233
afisareProduse,2024-05-24 20:01:31.2289233
numarareProduse,2024-05-24 20:01:31.2299261
cautareProdusCategorie,2024-05-24 20:01:31.2309237
cautareProdusNume,2024-05-24 20:01:31.2319237
adaugareProdus,2024-05-24 20:09:12.2915137
adaugareProdus,2024-05-24 20:09:12.3025158
adaugareProdus,2024-05-24 20:09:12.3035192
adaugareProdus,2024-05-24 20:09:12.3055151
adaugareProdus,2024-05-24 20:09:12.3075299
stergereProdus,2024-05-24 20:09:12.3155192
sortareProduse,2024-05-24 20:09:12.3175197
afisareProduse,2024-05-24 20:09:12.318517
numarareProduse,2024-05-24 20:09:12.318517
cautareProdusCategorie,2024-05-24 20:09:12.3195194
cautareProdusNume,2024-05-24 20:09:12.3205157
adaugareProdus,2024-05-24 20:11:23.56865
adaugareProdus,2024-05-24 20:11:23.5816523
adaugareProdus,2024-05-24 20:11:23.5826514
adaugareProdus,2024-05-24 20:11:23.5826514
adaugareProdus,2024-05-24 20:11:23.5836517
stergereProdus,2024-05-24 20:11:23.5896589
sortareProduse,2024-05-24 20:11:23.5906542
afisareProduse,2024-05-24 20:11:23.5906542
numarareProduse,2024-05-24 20:11:23.5916521
cautareProdusCategorie,2024-05-24 20:11:23.5966494
cautareProdusNume,2024-05-24 20:11:23.5986609
adaugareProdus,2024-05-24 20:11:57.8238449
adaugareProdus,2024-05-24 20:11:57.8348454
adaugareProdus,2024-05-24 20:11:57.8358499
adaugareProdus,2024-05-24 20:11:57.8368416
adaugareProdus,2024-05-24 20:11:57.8368416
stergereProdus,2024-05-24 20:11:57.8428413
sortareProduse,2024-05-24 20:11:57.8438444
afisareProduse,2024-05-24 20:11:57.8468567
numarareProduse,2024-05-24 20:11:57.8478475
cautareProdusCategorie,2024-05-24 20:11:57.8508416
cautareProdusNume,2024-05-24 20:11:57.8528414
adaugareProdus,2024-05-24 20:13:57.126828
adaugareProdus,2024-05-24 20:13:57.1378263
adaugareProdus,2024-05-24 20:13:57.1388274
adaugareProdus,2024-05-24 20:13:57.1398242
adaugareProdus,2024-05-24 20:13:57.1398242
stergereProdus,2024-05-24 20:13:57.1458305
sortareProduse,2024-05-24 20:13:57.1478262
afisareProduse,2024-05-24 20:13:57.1488243
numarareProduse,2024-05-24 20:13:57.1488243
cautareProdusCategorie,2024-05-24 20:13:57.1498239
cautareProdusNume,2024-05-24 20:13:57.1508254
adaugareProdus,2024-05-25 13:33:25.2801511
adaugareProdus,2024-05-25 13:33:25.2901502
adaugareProdus,2024-05-25 13:33:25.2911537
adaugareProdus,2024-05-25 13:33:25.2911537
adaugareProdus,2024-05-25 13:33:25.2921531
stergereProdus,2024-05-25 13:33:25.3021535
sortareProduse,2024-05-25 13:33:25.3041539
afisareProduse,2024-05-25 13:33:25.3041539
numarareProduse,2024-05-25 13:33:25.3051541
cautareProdusCategorie,2024-05-25 13:33:25.3061527
cautareProdusNume,2024-05-25 13:33:25.3061527
adaugareProdus,2024-05-25 13:57:18.6490697
adaugareProdus,2024-05-25 13:57:18.6620715
adaugareProdus,2024-05-25 13:57:18.6620715
adaugareProdus,2024-05-25 13:57:18.6630639
adaugareProdus,2024-05-25 13:57:18.6640652
stergereProdus,2024-05-25 13:57:18.6720658
sortareProduse,2024-05-25 13:57:18.6750637
afisareProduse,2024-05-25 13:57:18.6760629
numarareProduse,2024-05-25 13:57:18.6760629
cautareProdusCategorie,2024-05-25 13:57:18.6770613
cautareProdusNume,2024-05-25 13:57:18.6780651
adaugareProdus,2024-05-25 14:03:03.5003355
adaugareProdus,2024-05-25 14:03:03.5323444
adaugareProdus,2024-05-25 14:03:03.5343419
adaugareProdus,2024-05-25 14:03:03.6283539
adaugareProdus,2024-05-25 14:03:03.6503409
stergereProdus,2024-05-25 14:03:03.6583427
sortareProduse,2024-05-25 14:03:03.6613373
afisareProduse,2024-05-25 14:03:03.6673398
numarareProduse,2024-05-25 14:03:03.67434
cautareProdusCategorie,2024-05-25 14:03:03.6893637
cautareProdusNume,2024-05-25 14:03:03.6963503
adaugareProdus,2024-05-25 14:04:14.8632441
adaugareProdus,2024-05-25 14:04:14.8752462
adaugareProdus,2024-05-25 14:04:14.8762459
adaugareProdus,2024-05-25 14:04:14.877244
adaugareProdus,2024-05-25 14:04:14.877244
stergereProdus,2024-05-25 14:04:14.8822458
sortareProduse,2024-05-25 14:04:14.8842445
afisareProduse,2024-05-25 14:04:14.8842445
numarareProduse,2024-05-25 14:04:14.885245
cautareProdusCategorie,2024-05-25 14:04:14.8862452
cautareProdusNume,2024-05-25 14:04:14.8872469
adaugareProdus,2024-05-25 14:06:24.3997227
adaugareProdus,2024-05-25 14:06:24.4127274
adaugareProdus,2024-05-25 14:06:24.4137252
adaugareProdus,2024-05-25 14:06:24.4147271
adaugareProdus,2024-05-25 14:06:24.4157296
stergereProdus,2024-05-25 14:06:24.4217263
sortareProduse,2024-05-25 14:06:24.4227267
afisareProduse,2024-05-25 14:06:24.4237252
numarareProduse,2024-05-25 14:06:24.4247242
cautareProdusCategorie,2024-05-25 14:06:24.4247242
cautareProdusNume,2024-05-25 14:06:24.4257244
adaugareProdus,2024-05-25 14:08:30.3548208
adaugareProdus,2024-05-25 14:08:30.3668163
adaugareProdus,2024-05-25 14:08:30.3678139
adaugareProdus,2024-05-25 14:08:30.3678139
adaugareProdus,2024-05-25 14:08:30.3688142
stergereProdus,2024-05-25 14:08:30.380816
sortareProduse,2024-05-25 14:08:30.3828231
afisareProduse,2024-05-25 14:08:30.3838162
numarareProduse,2024-05-25 14:08:30.3858217
cautareProdusCategorie,2024-05-25 14:08:30.3908303
cautareProdusNume,2024-05-25 14:08:30.3918193
adaugareProdus,2024-05-25 14:09:47.748318
adaugareProdus,2024-05-25 14:09:47.7623169
adaugareProdus,2024-05-25 14:09:47.763317
adaugareProdus,2024-05-25 14:09:47.763317
adaugareProdus,2024-05-25 14:09:47.7643162
stergereProdus,2024-05-25 14:09:47.7703155
sortareProduse,2024-05-25 14:09:47.7713162
afisareProduse,2024-05-25 14:09:47.7723236
numarareProduse,2024-05-25 14:09:47.7733166
cautareProdusCategorie,2024-05-25 14:09:47.7743185
cautareProdusNume,2024-05-25 14:09:47.7743185
adaugareProdus,2024-05-25 14:10:51.2294433
adaugareProdus,2024-05-25 14:10:51.2404505
adaugareProdus,2024-05-25 14:10:51.2414438
adaugareProdus,2024-05-25 14:10:51.2414438
adaugareProdus,2024-05-25 14:10:51.2424432
stergereProdus,2024-05-25 14:10:51.2474456
sortareProduse,2024-05-25 14:10:51.2484435
afisareProduse,2024-05-25 14:10:51.2494455
numarareProduse,2024-05-25 14:10:51.2504425
cautareProdusCategorie,2024-05-25 14:10:51.2504425
cautareProdusNume,2024-05-25 14:10:51.2514442
adaugareProdus,2024-05-25 14:11:20.2928691
adaugareProdus,2024-05-25 14:11:20.3038645
adaugareProdus,2024-05-25 14:11:20.3048646
adaugareProdus,2024-05-25 14:11:20.3058664
adaugareProdus,2024-05-25 14:11:20.3058664
stergereProdus,2024-05-25 14:11:20.3148741
sortareProduse,2024-05-25 14:11:20.316871
afisareProduse,2024-05-25 14:11:20.3178743
numarareProduse,2024-05-25 14:11:20.3188702
cautareProdusCategorie,2024-05-25 14:11:20.3198676
cautareProdusNume,2024-05-25 14:11:20.3208686
adaugareProdus,2024-05-25 14:11:38.2163397
adaugareProdus,2024-05-25 14:11:38.2303375
adaugareProdus,2024-05-25 14:11:38.2303375
adaugareProdus,2024-05-25 14:11:38.2313419
adaugareProdus,2024-05-25 14:11:38.2323401
stergereProdus,2024-05-25 14:11:38.2393372
sortareProduse,2024-05-25 14:11:38.2413369
afisareProduse,2024-05-25 14:11:38.2413369
numarareProduse,2024-05-25 14:11:38.2423362
cautareProdusCategorie,2024-05-25 14:11:38.2433393
cautareProdusNume,2024-05-25 14:11:38.2443402
adaugareProdus,2024-05-25 14:13:16.0716195
adaugareProdus,2024-05-25 14:13:16.0836257
adaugareProdus,2024-05-25 14:13:16.0846217
adaugareProdus,2024-05-25 14:13:16.0846217
adaugareProdus,2024-05-25 14:13:16.0856289
stergereProdus,2024-05-25 14:13:16.0896221
sortareProduse,2024-05-25 14:13:16.0916229
afisareProduse,2024-05-25 14:13:16.0926225
numarareProduse,2024-05-25 14:13:16.0926225
cautareProdusCategorie,2024-05-25 14:13:16.0936276
cautareProdusNume,2024-05-25 14:13:16.0946239
adaugareProdus,2024-05-25 14:16:38.9682415
adaugareProdus,2024-05-25 14:16:38.9802327
adaugareProdus,2024-05-25 14:16:38.9802327
adaugareProdus,2024-05-25 14:16:38.981235
adaugareProdus,2024-05-25 14:16:38.9822366
stergereProdus,2024-05-25 14:16:38.9872332
sortareProduse,2024-05-25 14:16:38.9882314
afisareProduse,2024-05-25 14:16:38.9892305
numarareProduse,2024-05-25 14:16:38.9892305
cautareProdusCategorie,2024-05-25 14:16:38.9902314
cautareProdusNume,2024-05-25 14:16:38.9902314
adaugareProdus,2024-05-25 14:18:22.7051721
adaugareProdus,2024-05-25 14:18:22.7241757
adaugareProdus,2024-05-25 14:18:22.7251713
adaugareProdus,2024-05-25 14:18:22.7251713
adaugareProdus,2024-05-25 14:18:22.7261776
stergereProdus,2024-05-25 14:18:22.7331757
sortareProduse,2024-05-25 14:18:22.7341771
afisareProduse,2024-05-25 14:18:22.735176
numarareProduse,2024-05-25 14:18:22.7361698
cautareProdusCategorie,2024-05-25 14:18:22.7371694
cautareProdusNume,2024-05-25 14:18:22.7371694
adaugareProdus,2024-05-25 14:19:53.0757956
adaugareProdus,2024-05-25 14:19:53.0868015
adaugareProdus,2024-05-25 14:19:53.0868015
adaugareProdus,2024-05-25 14:19:53.087796
adaugareProdus,2024-05-25 14:19:53.087796
stergereProdus,2024-05-25 14:19:53.0927974
sortareProduse,2024-05-25 14:19:53.0947989
afisareProduse,2024-05-25 14:19:53.0947989
numarareProduse,2024-05-25 14:19:53.0957956
cautareProdusCategorie,2024-05-25 14:19:53.096797
cautareProdusNume,2024-05-25 14:19:53.096797
adaugareProdus,2024-05-25 14:21:28.7867425
adaugareProdus,2024-05-25 14:21:28.7987481
adaugareProdus,2024-05-25 14:21:28.7997508
adaugareProdus,2024-05-25 14:21:28.8007517
adaugareProdus,2024-05-25 14:21:28.8017498
stergereProdus,2024-05-25 14:21:28.8067514
sortareProduse,2024-05-25 14:21:28.8087484
afisareProduse,2024-05-25 14:21:28.8087484
numarareProduse,2024-05-25 14:21:28.8097445
cautareProdusCategorie,2024-05-25 14:21:28.8107504
cautareProdusNume,2024-05-25 14:21:28.8107504
adaugareProdus,2024-05-25 14:22:53.2695062
adaugareProdus,2024-05-25 14:22:53.2815045
adaugareProdus,2024-05-25 14:22:53.2825044
adaugareProdus,2024-05-25 14:22:53.283504
adaugareProdus,2024-05-25 14:22:53.2845039
stergereProdus,2024-05-25 14:22:53.2905094
sortareProduse,2024-05-25 14:22:53.292504
afisareProduse,2024-05-25 14:22:53.2935028
numarareProduse,2024-05-25 14:22:53.2935028
cautareProdusCategorie,2024-05-25 14:22:53.2945038
cautareProdusNume,2024-05-25 14:22:53.2955035
adaugareProdus,2024-05-25 14:23:43.2320939
adaugareProdus,2024-05-25 14:23:43.2430936
adaugareProdus,2024-05-25 14:23:43.2430936
adaugareProdus,2024-05-25 14:23:43.2440959
adaugareProdus,2024-05-25 14:23:43.2450944
stergereProdus,2024-05-25 14:23:43.2500957
sortareProduse,2024-05-25 14:23:43.2520933
afisareProduse,2024-05-25 14:23:43.2520933
numarareProduse,2024-05-25 14:23:43.2530947
cautareProdusCategorie,2024-05-25 14:23:43.2540955
cautareProdusNume,2024-05-25 14:23:43.2570977
adaugareProdus,2024-05-25 14:24:14.7891185
adaugareProdus,2024-05-25 14:24:14.8011193
adaugareProdus,2024-05-25 14:24:14.8021226
adaugareProdus,2024-05-25 14:24:14.8021226
adaugareProdus,2024-05-25 14:24:14.8031238
stergereProdus,2024-05-25 14:24:14.8101202
sortareProduse,2024-05-25 14:24:14.8131224
afisareProduse,2024-05-25 14:24:14.8141308
numarareProduse,2024-05-25 14:24:14.8151254
cautareProdusCategorie,2024-05-25 14:24:14.8161188
cautareProdusNume,2024-05-25 14:24:14.8181191
adaugareProdus,2024-05-25 14:54:43.7062069
adaugareProdus,2024-05-25 14:54:43.7252052
adaugareProdus,2024-05-25 14:54:43.7262117
adaugareProdus,2024-05-25 14:54:43.7272067
adaugareProdus,2024-05-25 14:54:43.7282053
stergereProdus,2024-05-25 14:54:43.7342042
sortareProduse,2024-05-25 14:54:43.7362078
afisareProduse,2024-05-25 14:54:43.7362078
numarareProduse,2024-05-25 14:54:43.7372106
cautareProdusCategorie,2024-05-25 14:54:43.7382033
cautareProdusNume,2024-05-25 14:54:43.7382033
adaugareProdus,2024-05-25 14:55:29.2140956
adaugareProdus,2024-05-25 14:55:29.2271052
adaugareProdus,2024-05-25 14:55:29.2271052
adaugareProdus,2024-05-25 14:55:29.2280951
adaugareProdus,2024-05-25 14:55:29.2280951
stergereProdus,2024-05-25 14:55:29.2360937
sortareProduse,2024-05-25 14:55:29.239096
afisareProduse,2024-05-25 14:55:29.2411001
numarareProduse,2024-05-25 14:55:29.2420951
cautareProdusCategorie,2024-05-25 14:55:29.2440949
cautareProdusNume,2024-05-25 14:55:29.2460947
adaugareProdus,2024-05-26 11:57:43.6842982
adaugareProdus,2024-05-26 11:57:43.6973039
adaugareProdus,2024-05-26 11:57:43.6983036
adaugareProdus,2024-05-26 11:57:43.6983036
adaugareProdus,2024-05-26 11:57:43.6993028
stergereProdus,2024-05-26 11:57:43.7083005
sortareProduse,2024-05-26 11:57:43.7103005
afisareProduse,2024-05-26 11:57:43.7113
numarareProduse,2024-05-26 11:57:43.7123054
cautareProdusCategorie,2024-05-26 11:57:43.7123054
cautareProdusNume,2024-05-26 11:57:43.7133055
adaugareProdus,2024-05-26 11:58:15.4651743
adaugareProdus,2024-05-26 11:58:15.4851737
adaugareProdus,2024-05-26 11:58:15.4921755
adaugareProdus,2024-05-26 11:58:15.5151717
adaugareProdus,2024-05-26 11:58:15.5161707
stergereProdus,2024-05-26 11:58:15.5341777
sortareProduse,2024-05-26 11:58:15.5371736
afisareProduse,2024-05-26 11:58:15.5391701
numarareProduse,2024-05-26 11:58:15.5481739
cautareProdusCategorie,2024-05-26 11:58:15.5551735
cautareProdusNume,2024-05-26 11:58:15.5571758
adaugareProdus,2024-05-26 12:00:03.8217933
adaugareProdus,2024-05-26 12:00:03.8337898
adaugareProdus,2024-05-26 12:00:03.8347963
adaugareProdus,2024-05-26 12:00:03.8347963
adaugareProdus,2024-05-26 12:00:03.835794
stergereProdus,2024-05-26 12:00:03.8407902
sortareProduse,2024-05-26 12:00:03.8417919
afisareProduse,2024-05-26 12:00:03.8427944
numarareProduse,2024-05-26 12:00:03.8437921
cautareProdusCategorie,2024-05-26 12:00:03.8447954
cautareProdusNume,2024-05-26 12:00:03.8447954
adaugareProdus,2024-05-26 12:00:37.5375076
adaugareProdus,2024-05-26 12:00:37.5495048
adaugareProdus,2024-05-26 12:00:37.5505089
adaugareProdus,2024-05-26 12:00:37.5515058
adaugareProdus,2024-05-26 12:00:37.5515058
stergereProdus,2024-05-26 12:00:37.5575085
sortareProduse,2024-05-26 12:00:37.5595079
afisareProduse,2024-05-26 12:00:37.5595079
numarareProduse,2024-05-26 12:00:37.5605064
cautareProdusCategorie,2024-05-26 12:00:37.561504
cautareProdusNume,2024-05-26 12:00:37.5625053
adaugareProdus,2024-05-26 12:00:59.3857674
adaugareProdus,2024-05-26 12:00:59.3987687
adaugareProdus,2024-05-26 12:00:59.3997668
adaugareProdus,2024-05-26 12:00:59.4017689
adaugareProdus,2024-05-26 12:00:59.424767
stergereProdus,2024-05-26 12:00:59.4347675
sortareProduse,2024-05-26 12:00:59.4357725
afisareProduse,2024-05-26 12:00:59.4377733
numarareProduse,2024-05-26 12:00:59.4387707
cautareProdusCategorie,2024-05-26 12:00:59.4407672
cautareProdusNume,2024-05-26 12:00:59.4427687
adaugareProdus,2024-05-26 12:03:56.3122837
adaugareProdus,2024-05-26 12:03:56.3242826
adaugareProdus,2024-05-26 12:03:56.3242826
adaugareProdus,2024-05-26 12:03:56.3252837
adaugareProdus,2024-05-26 12:03:56.3262863
stergereProdus,2024-05-26 12:03:56.3302809
sortareProduse,2024-05-26 12:03:56.3312799
afisareProduse,2024-05-26 12:03:56.3322815
numarareProduse,2024-05-26 12:03:56.3332799
cautareProdusCategorie,2024-05-26 12:03:56.3332799
cautareProdusNume,2024-05-26 12:03:56.3342844
adaugareProdus,2024-05-26 12:05:39.3409595
adaugareProdus,2024-05-26 12:05:39.3519607
adaugareProdus,2024-05-26 12:05:39.3519607
adaugareProdus,2024-05-26 12:05:39.3529633
adaugareProdus,2024-05-26 12:05:39.3529633
stergereProdus,2024-05-26 12:05:39.3589634
sortareProduse,2024-05-26 12:05:39.3609625
afisareProduse,2024-05-26 12:05:39.3619611
numarareProduse,2024-05-26 12:05:39.3619611
cautareProdusCategorie,2024-05-26 12:05:39.3629623
cautareProdusNume,2024-05-26 12:05:39.363964
adaugareProdus,2024-05-26 12:07:13.2700307
adaugareProdus,2024-05-26 12:07:13.2850312
adaugareProdus,2024-05-26 12:07:13.2860305
adaugareProdus,2024-05-26 12:07:13.2870292
adaugareProdus,2024-05-26 12:07:13.2880283
stergereProdus,2024-05-26 12:07:13.3000277
sortareProduse,2024-05-26 12:07:13.3020378
afisareProduse,2024-05-26 12:07:13.303028
numarareProduse,2024-05-26 12:07:13.303028
cautareProdusCategorie,2024-05-26 12:07:13.3040281
cautareProdusNume,2024-05-26 12:07:13.3040281
adaugareProdus,2024-05-26 12:12:20.5449462
adaugareProdus,2024-05-26 12:12:20.5629483
adaugareProdus,2024-05-26 12:12:20.5639474
adaugareProdus,2024-05-26 12:12:20.5639474
adaugareProdus,2024-05-26 12:12:20.5719519
stergereProdus,2024-05-26 12:12:20.5769516
sortareProduse,2024-05-26 12:12:20.5779481
afisareProduse,2024-05-26 12:12:20.5789529
numarareProduse,2024-05-26 12:12:20.5799549
cautareProdusCategorie,2024-05-26 12:12:20.5809461
cautareProdusNume,2024-05-26 12:12:20.5849476
adaugareProdus,2024-05-26 12:14:38.6353877
adaugareProdus,2024-05-26 12:14:38.6473922
adaugareProdus,2024-05-26 12:14:38.6473922
adaugareProdus,2024-05-26 12:14:38.6483881
adaugareProdus,2024-05-26 12:14:38.6483881
stergereProdus,2024-05-26 12:14:38.6543881
sortareProduse,2024-05-26 12:14:38.6573892
afisareProduse,2024-05-26 12:14:38.6603894
numarareProduse,2024-05-26 12:14:38.6613889
cautareProdusCategorie,2024-05-26 12:14:38.6623861
cautareProdusNume,2024-05-26 12:14:38.6633914
adaugareProdus,2024-05-26 12:14:54.8519359
adaugareProdus,2024-05-26 12:14:54.8629349
adaugareProdus,2024-05-26 12:14:54.8639366
adaugareProdus,2024-05-26 12:14:54.8649369
adaugareProdus,2024-05-26 12:14:54.8649369
stergereProdus,2024-05-26 12:14:54.8709427
sortareProduse,2024-05-26 12:14:54.8729442
afisareProduse,2024-05-26 12:14:54.873937
numarareProduse,2024-05-26 12:14:54.873937
cautareProdusCategorie,2024-05-26 12:14:54.8749358
cautareProdusNume,2024-05-26 12:14:54.8769422
adaugareProdus,2024-05-26 12:49:22.3175957
adaugareProdus,2024-05-26 12:49:22.3396006
adaugareProdus,2024-05-26 12:49:22.3405965
adaugareProdus,2024-05-26 12:49:22.3415951
adaugareProdus,2024-05-26 12:49:22.3425967
stergereProdus,2024-05-26 12:49:22.3505971
sortareProduse,2024-05-26 12:49:22.3515956
afisareProduse,2024-05-26 12:49:22.3525963
numarareProduse,2024-05-26 12:49:22.3525963
cautareProdusCategorie,2024-05-26 12:49:22.3535928
cautareProdusNume,2024-05-26 12:49:22.3545947
adaugareProdus,2024-05-26 12:53:04.7081827
adaugareProdus,2024-05-26 12:53:04.7241852
adaugareProdus,2024-05-26 12:53:04.7251872
adaugareProdus,2024-05-26 12:53:04.7251872
adaugareProdus,2024-05-26 12:53:04.7261841
stergereProdus,2024-05-26 12:53:04.7321848
sortareProduse,2024-05-26 12:53:04.7331891
afisareProduse,2024-05-26 12:53:04.7341851
numarareProduse,2024-05-26 12:53:04.7351878
cautareProdusCategorie,2024-05-26 12:53:04.7351878
cautareProdusNume,2024-05-26 12:53:04.736193
adaugareProdus,2024-05-26 12:57:13.6114986
adaugareProdus,2024-05-26 12:57:13.6234979
adaugareProdus,2024-05-26 12:57:13.6234979
adaugareProdus,2024-05-26 12:57:13.624497
adaugareProdus,2024-05-26 12:57:13.624497
stergereProdus,2024-05-26 12:57:13.6304973
sortareProduse,2024-05-26 12:57:13.6314973
afisareProduse,2024-05-26 12:57:13.632502
numarareProduse,2024-05-26 12:57:13.6334983
cautareProdusCategorie,2024-05-26 12:57:13.6344997
cautareProdusNume,2024-05-26 12:57:13.6354994
adaugareProdus,2024-05-26 12:58:15.4823555
adaugareProdus,2024-05-26 12:58:15.4933555
adaugareProdus,2024-05-26 12:58:15.4943561
adaugareProdus,2024-05-26 12:58:15.4943561
adaugareProdus,2024-05-26 12:58:15.4953563
stergereProdus,2024-05-26 12:58:15.5013589
sortareProduse,2024-05-26 12:58:15.502356
afisareProduse,2024-05-26 12:58:15.5033586
numarareProduse,2024-05-26 12:58:15.5063568
cautareProdusCategorie,2024-05-26 12:58:15.5073665
cautareProdusNume,2024-05-26 12:58:15.509361
adaugareProdus,2024-05-26 12:59:21.1608138
adaugareProdus,2024-05-26 12:59:21.1718156
adaugareProdus,2024-05-26 12:59:21.1728151
adaugareProdus,2024-05-26 12:59:21.1738144
adaugareProdus,2024-05-26 12:59:21.1738144
stergereProdus,2024-05-26 12:59:21.180813
sortareProduse,2024-05-26 12:59:21.1908134
afisareProduse,2024-05-26 12:59:21.2008166
numarareProduse,2024-05-26 12:59:21.2028317
cautareProdusCategorie,2024-05-26 12:59:21.2038185
cautareProdusNume,2024-05-26 12:59:21.2048169
adaugareProdus,2024-05-26 15:06:08.9591001
adaugareProdus,2024-05-26 15:06:08.9740961
adaugareProdus,2024-05-26 15:06:08.9751032
adaugareProdus,2024-05-26 15:06:08.9760955
adaugareProdus,2024-05-26 15:06:08.9760955
stergereProdus,2024-05-26 15:06:08.9850994
sortareProduse,2024-05-26 15:06:08.9870986
afisareProduse,2024-05-26 15:06:08.9880956
numarareProduse,2024-05-26 15:06:08.9891004
cautareProdusCategorie,2024-05-26 15:06:08.9901007
cautareProdusNume,2024-05-26 15:06:08.9911032
adaugareProdus,2024-05-26 15:19:58.3793605
adaugareProdus,2024-05-26 15:19:58.3913612
adaugareProdus,2024-05-26 15:19:58.3913612
adaugareProdus,2024-05-26 15:19:58.3923617
adaugareProdus,2024-05-26 15:19:58.3933623
stergereProdus,2024-05-26 15:19:58.3983611
sortareProduse,2024-05-26 15:19:58.3993621
afisareProduse,2024-05-26 15:19:58.4003646
numarareProduse,2024-05-26 15:19:58.401363
cautareProdusCategorie,2024-05-26 15:19:58.401363
cautareProdusNume,2024-05-26 15:19:58.4023608
adaugareProdus,2024-05-26 21:54:05.9804077
adaugareProdus,2024-05-26 21:54:06.0064155
adaugareProdus,2024-05-26 21:54:06.007411
adaugareProdus,2024-05-26 21:54:06.007411
adaugareProdus,2024-05-26 21:54:06.0084185
stergereProdus,2024-05-26 21:54:06.0244083
sortareProduse,2024-05-26 21:54:06.0264089
afisareProduse,2024-05-26 21:54:06.0304074
numarareProduse,2024-05-26 21:54:06.0324754
cautareProdusCategorie,2024-05-26 21:54:06.0354503
cautareProdusNume,2024-05-26 21:54:06.0364117
adaugareProdus,2024-05-26 22:36:48.9122876
adaugareProdus,2024-05-26 22:36:48.9232876
adaugareProdus,2024-05-26 22:36:48.9242935
adaugareProdus,2024-05-26 22:36:48.9242935
adaugareProdus,2024-05-26 22:36:48.9252868
stergereProdus,2024-05-26 22:36:48.9312921
sortareProduse,2024-05-26 22:36:48.9332875
afisareProduse,2024-05-26 22:36:48.9332875
numarareProduse,2024-05-26 22:36:48.9342893
cautareProdusCategorie,2024-05-26 22:36:48.9352872
cautareProdusNume,2024-05-26 22:36:48.9352872
adaugareProdus,2024-05-26 22:45:06.9010616
adaugareProdus,2024-05-26 22:45:06.9180627
adaugareProdus,2024-05-26 22:45:06.9180627
adaugareProdus,2024-05-26 22:45:06.9190602
adaugareProdus,2024-05-26 22:45:06.9190602
stergereProdus,2024-05-26 22:45:06.9330652
sortareProduse,2024-05-26 22:45:06.9350605
afisareProduse,2024-05-26 22:45:06.9350605
numarareProduse,2024-05-26 22:45:06.9360607
cautareProdusCategorie,2024-05-26 22:45:06.9421025
cautareProdusNume,2024-05-26 22:45:06.9440809
adaugareProdus,2024-05-26 22:46:14.8846978
adaugareProdus,2024-05-26 22:46:15.0167003
adaugareProdus,2024-05-26 22:46:15.0186982
adaugareProdus,2024-05-26 22:46:15.0197015
adaugareProdus,2024-05-26 22:46:15.0297104
stergereProdus,2024-05-26 22:46:15.0797008
sortareProduse,2024-05-26 22:46:15.082699
afisareProduse,2024-05-26 22:46:15.0837013
numarareProduse,2024-05-26 22:46:15.0857093
cautareProdusCategorie,2024-05-26 22:46:15.0957177
cautareProdusNume,2024-05-26 22:46:15.0967055
adaugareProdus,2024-05-26 22:49:29.1438497
adaugareProdus,2024-05-26 22:49:29.1568497
adaugareProdus,2024-05-26 22:49:29.1568497
adaugareProdus,2024-05-26 22:49:29.1578489
adaugareProdus,2024-05-26 22:49:29.1578489
stergereProdus,2024-05-26 22:49:29.1638571
sortareProduse,2024-05-26 22:49:29.1658501
afisareProduse,2024-05-26 22:49:29.1668508
numarareProduse,2024-05-26 22:49:29.1668508
cautareProdusCategorie,2024-05-26 22:49:29.1678523
cautareProdusNume,2024-05-26 22:49:29.1688518
adaugareProdus,2024-05-26 22:50:57.9508937
adaugareProdus,2024-05-26 22:50:57.9628903
adaugareProdus,2024-05-26 22:50:57.9628903
adaugareProdus,2024-05-26 22:50:57.9638861
adaugareProdus,2024-05-26 22:50:57.964888
stergereProdus,2024-05-26 22:50:57.9718914
sortareProduse,2024-05-26 22:50:57.9728923
afisareProduse,2024-05-26 22:50:57.9738972
numarareProduse,2024-05-26 22:50:57.9748887
cautareProdusCategorie,2024-05-26 22:50:57.9758885
cautareProdusNume,2024-05-26 22:50:57.9758885
adaugareProdus,2024-05-26 22:52:35.5750643
adaugareProdus,2024-05-26 22:52:35.5880603
adaugareProdus,2024-05-26 22:52:35.5880603
adaugareProdus,2024-05-26 22:52:35.5890564
adaugareProdus,2024-05-26 22:52:35.5900592
stergereProdus,2024-05-26 22:52:35.5970577
sortareProduse,2024-05-26 22:52:35.599058
afisareProduse,2024-05-26 22:52:35.599058
numarareProduse,2024-05-26 22:52:35.6000587
cautareProdusCategorie,2024-05-26 22:52:35.6010586
cautareProdusNume,2024-05-26 22:52:35.6010586
adaugareProdus,2024-05-26 22:53:52.0121629
adaugareProdus,2024-05-26 22:53:52.0231584
adaugareProdus,2024-05-26 22:53:52.0241598
adaugareProdus,2024-05-26 22:53:52.0241598
adaugareProdus,2024-05-26 22:53:52.0251579
stergereProdus,2024-05-26 22:53:52.0301581
sortareProduse,2024-05-26 22:53:52.0311593
afisareProduse,2024-05-26 22:53:52.032168
numarareProduse,2024-05-26 22:53:52.032168
cautareProdusCategorie,2024-05-26 22:53:52.0331594
cautareProdusNume,2024-05-26 22:53:52.0341575
adaugareProdus,2024-05-26 23:17:25.3860056
adaugareProdus,2024-05-26 23:17:25.3970037
adaugareProdus,2024-05-26 23:17:25.3970037
adaugareProdus,2024-05-26 23:17:25.3980034
adaugareProdus,2024-05-26 23:17:25.3990025
stergereProdus,2024-05-26 23:17:25.407003
sortareProduse,2024-05-26 23:17:25.4090041
afisareProduse,2024-05-26 23:17:25.4090041
numarareProduse,2024-05-26 23:17:25.4100044
cautareProdusCategorie,2024-05-26 23:17:25.4110084
cautareProdusNume,2024-05-26 23:17:25.4120032
adaugareProdus,2024-05-26 23:17:53.4725434
adaugareProdus,2024-05-26 23:17:53.4845416
adaugareProdus,2024-05-26 23:17:53.485542
adaugareProdus,2024-05-26 23:17:53.485542
adaugareProdus,2024-05-26 23:17:53.4865425
stergereProdus,2024-05-26 23:17:53.4915469
sortareProduse,2024-05-26 23:17:53.4925421
afisareProduse,2024-05-26 23:17:53.4935409
numarareProduse,2024-05-26 23:17:53.4935409
cautareProdusCategorie,2024-05-26 23:17:53.4945416
cautareProdusNume,2024-05-26 23:17:53.4955482
adaugareProdus,2024-05-26 23:18:51.9526848
adaugareProdus,2024-05-26 23:18:51.9626859
adaugareProdus,2024-05-26 23:18:51.9636862
adaugareProdus,2024-05-26 23:18:51.9646844
adaugareProdus,2024-05-26 23:18:51.9646844
stergereProdus,2024-05-26 23:18:51.9706882
sortareProduse,2024-05-26 23:18:51.9726848
afisareProduse,2024-05-26 23:18:51.9726848
numarareProduse,2024-05-26 23:18:51.9736871
cautareProdusCategorie,2024-05-26 23:18:51.9746859
cautareProdusNume,2024-05-26 23:18:51.9746859
adaugareProdus,2024-05-26 23:20:38.4386353
adaugareProdus,2024-05-26 23:20:38.452629
adaugareProdus,2024-05-26 23:20:38.45363
adaugareProdus,2024-05-26 23:20:38.4546351
adaugareProdus,2024-05-26 23:20:38.4566317
stergereProdus,2024-05-26 23:20:38.4646331
sortareProduse,2024-05-26 23:20:38.4656334
afisareProduse,2024-05-26 23:20:38.467629
numarareProduse,2024-05-26 23:20:38.4686259
cautareProdusCategorie,2024-05-26 23:20:38.4696251
cautareProdusNume,2024-05-26 23:20:38.4706329
adaugareProdus,2024-05-26 23:21:51.3421312
adaugareProdus,2024-05-26 23:21:51.358133
adaugareProdus,2024-05-26 23:21:51.358133
adaugareProdus,2024-05-26 23:21:51.359134
adaugareProdus,2024-05-26 23:21:51.3601315
stergereProdus,2024-05-26 23:21:51.3651319
sortareProduse,2024-05-26 23:21:51.3661325
afisareProduse,2024-05-26 23:21:51.3671441
numarareProduse,2024-05-26 23:21:51.3681336
cautareProdusCategorie,2024-05-26 23:21:51.3681336
cautareProdusNume,2024-05-26 23:21:51.369135
adaugareProdus,2024-05-26 23:22:26.2430073
adaugareProdus,2024-05-26 23:22:26.2570079
adaugareProdus,2024-05-26 23:22:26.2580066
adaugareProdus,2024-05-26 23:22:26.2580066
adaugareProdus,2024-05-26 23:22:26.2590089
stergereProdus,2024-05-26 23:22:26.2650072
sortareProduse,2024-05-26 23:22:26.2670083
afisareProduse,2024-05-26 23:22:26.2680124
numarareProduse,2024-05-26 23:22:26.2690124
cautareProdusCategorie,2024-05-26 23:22:26.2700073
cautareProdusNume,2024-05-26 23:22:26.2700073
adaugareProdus,2024-05-26 23:23:49.0386227
adaugareProdus,2024-05-26 23:23:49.0496272
adaugareProdus,2024-05-26 23:23:49.0506257
adaugareProdus,2024-05-26 23:23:49.0506257
adaugareProdus,2024-05-26 23:23:49.0506257
stergereProdus,2024-05-26 23:23:49.0566262
sortareProduse,2024-05-26 23:23:49.0576257
afisareProduse,2024-05-26 23:23:49.0586274
numarareProduse,2024-05-26 23:23:49.0596242
cautareProdusCategorie,2024-05-26 23:23:49.0596242
cautareProdusNume,2024-05-26 23:23:49.0606283
adaugareProdus,2024-05-26 23:26:34.1706939
adaugareProdus,2024-05-26 23:26:34.1836951
adaugareProdus,2024-05-26 23:26:34.184706
adaugareProdus,2024-05-26 23:26:34.184706
adaugareProdus,2024-05-26 23:26:34.1856976
stergereProdus,2024-05-26 23:26:34.1936934
sortareProduse,2024-05-26 23:26:34.1946932
afisareProduse,2024-05-26 23:26:34.1956934
numarareProduse,2024-05-26 23:26:34.1966964
cautareProdusCategorie,2024-05-26 23:26:34.1976975
cautareProdusNume,2024-05-26 23:26:34.1976975
adaugareProdus,2024-05-26 23:29:26.7091525
adaugareProdus,2024-05-26 23:29:26.7241556
adaugareProdus,2024-05-26 23:29:26.7251537
adaugareProdus,2024-05-26 23:29:26.7261586
adaugareProdus,2024-05-26 23:29:26.7261586
stergereProdus,2024-05-26 23:29:26.7331536
sortareProduse,2024-05-26 23:29:26.7351552
afisareProduse,2024-05-26 23:29:26.7361539
numarareProduse,2024-05-26 23:29:26.7371548
cautareProdusCategorie,2024-05-26 23:29:26.7371548
cautareProdusNume,2024-05-26 23:29:26.7381546
adaugareProdus,2024-05-26 23:48:31.957136
adaugareProdus,2024-05-26 23:48:31.9681379
adaugareProdus,2024-05-26 23:48:31.9691373
adaugareProdus,2024-05-26 23:48:31.970137
adaugareProdus,2024-05-26 23:48:31.970137
stergereProdus,2024-05-26 23:48:31.9781379
sortareProduse,2024-05-26 23:48:31.9801345
afisareProduse,2024-05-26 23:48:31.9801345
numarareProduse,2024-05-26 23:48:31.9811357
cautareProdusCategorie,2024-05-26 23:48:31.9821375
cautareProdusNume,2024-05-26 23:48:31.9821375
adaugareProdus,2024-05-26 23:53:58.510641
adaugareProdus,2024-05-26 23:53:58.5226434
adaugareProdus,2024-05-26 23:53:58.523643
adaugareProdus,2024-05-26 23:53:58.5266544
adaugareProdus,2024-05-26 23:53:58.5276424
stergereProdus,2024-05-26 23:53:58.533643
sortareProduse,2024-05-26 23:53:58.5366461
afisareProduse,2024-05-26 23:53:58.5376496
numarareProduse,2024-05-26 23:53:58.5376496
cautareProdusCategorie,2024-05-26 23:53:58.5446471
cautareProdusNume,2024-05-26 23:53:58.5466408
adaugareProdus,2024-05-28 14:36:23.8861623
adaugareProdus,2024-05-28 14:36:23.8991596
adaugareProdus,2024-05-28 14:36:23.8991596
adaugareProdus,2024-05-28 14:36:23.9001652
adaugareProdus,2024-05-28 14:36:23.9011623
stergereProdus,2024-05-28 14:36:23.9121611
sortareProduse,2024-05-28 14:36:23.9151611
afisareProduse,2024-05-28 14:36:23.9161598
numarareProduse,2024-05-28 14:36:23.9171636
cautareProdusCategorie,2024-05-28 14:36:23.9181599
cautareProdusNume,2024-05-28 14:36:23.919167
adaugareProdus,2024-05-28 14:37:10.5542404
adaugareProdus,2024-05-28 14:37:10.5652394
adaugareProdus,2024-05-28 14:37:10.5652394
adaugareProdus,2024-05-28 14:37:10.5662398
adaugareProdus,2024-05-28 14:37:10.5662398
stergereProdus,2024-05-28 14:37:10.5722483
sortareProduse,2024-05-28 14:37:10.5732429
afisareProduse,2024-05-28 14:37:10.5732429
numarareProduse,2024-05-28 14:37:10.5742416
cautareProdusCategorie,2024-05-28 14:37:10.5752417
cautareProdusNume,2024-05-28 14:37:10.5752417
adaugareProdus,2024-05-28 14:43:22.2400168
adaugareProdus,2024-05-28 14:43:22.2500157
adaugareProdus,2024-05-28 14:43:22.2510173
adaugareProdus,2024-05-28 14:43:22.2520259
adaugareProdus,2024-05-28 14:43:22.2520259
stergereProdus,2024-05-28 14:43:22.2570186
sortareProduse,2024-05-28 14:43:22.259018
afisareProduse,2024-05-28 14:43:22.259018
numarareProduse,2024-05-28 14:43:22.2600176
cautareProdusCategorie,2024-05-28 14:43:22.2610223
cautareProdusNume,2024-05-28 14:43:22.2610223
adaugareProdus,2024-05-28 14:46:33.3841376
adaugareProdus,2024-05-28 14:46:33.397142
adaugareProdus,2024-05-28 14:46:33.3981386
adaugareProdus,2024-05-28 14:46:33.3991441
adaugareProdus,2024-05-28 14:46:33.4001391
stergereProdus,2024-05-28 14:46:33.4081396
sortareProduse,2024-05-28 14:46:33.4101436
afisareProduse,2024-05-28 14:46:33.4111381
numarareProduse,2024-05-28 14:46:33.4111381
cautareProdusCategorie,2024-05-28 14:46:33.4121427
cautareProdusNume,2024-05-28 14:46:33.4141389
